image_path,transcription,
segmented_lines_per_image\data_1\line_0.png,1. Loratadine 10mg/tab #5,
segmented_lines_per_image\data_1\line_1.png,Sig: 1 tab once a morning for itch,
segmented_lines_per_image\data_1\line_2.png,4. Mupirocin ointment #1,
segmented_lines_per_image\data_1\line_3.png,Sig: Ipahid 2x a day for wks,
segmented_lines_per_image\data_1\line_4.png,#5,
segmented_lines_per_image\data_1\line_5.png,Dove Sensitive Soap,
segmented_lines_per_image\data_1\line_6.png,#5,
segmented_lines_per_image\data_1\line_7.png,2. Cetirizine 10mg/tab #5,
segmented_lines_per_image\data_1\line_8.png,Sig: 1 tab once a night for itch,
segmented_lines_per_image\data_1\line_9.png,3. Clobetasol Propionate 0.05% cream #1,
segmented_lines_per_image\data_1\line_10.png,Sig: Ipahid nang manipis sa mga apektadong bahagi,
segmented_lines_per_image\data_1\line_11.png,2x/day for 2 weeks,
segmented_lines_per_image\data_2\line_0.png,(Norvasc) #100,
segmented_lines_per_image\data_2\line_1.png,#30 -> Vit C/zinc (Civaz) #100,
segmented_lines_per_image\data_2\line_2.png,#30,
segmented_lines_per_image\data_2\line_3.png,S: 1 tablet once a day,
segmented_lines_per_image\data_2\line_4.png,#30 -> Vit B (Beetab) #100,
segmented_lines_per_image\data_2\line_5.png,#30 -> (ATC) Omega gold #100,
segmented_lines_per_image\data_2\line_6.png,S: 1 tablet once a day,
segmented_lines_per_image\data_2\line_7.png,Amlodipine 5mg,
segmented_lines_per_image\data_2\line_8.png,Genacot #200,
segmented_lines_per_image\data_2\line_9.png,#30 ->,
segmented_lines_per_image\data_2\line_10.png,#100,
segmented_lines_per_image\data_2\line_11.png,Rx,
segmented_lines_per_image\data_2\line_12.png,S: 1 tablet 2x a day,
segmented_lines_per_image\data_4\line_0.png,(Biogesic) #6,
segmented_lines_per_image\data_4\line_1.png,Label: 1 tablet every 4 hours for,
segmented_lines_per_image\data_4\line_2.png,fever and headache,
segmented_lines_per_image\data_4\line_3.png,Paracetamol 500mg/tablet,
segmented_lines_per_image\data_4\line_4.png,Rx,
segmented_lines_per_image\data_4\line_5.png,Sodium Ascorbate + Zinc tab,
segmented_lines_per_image\data_4\line_6.png,(Immunpro) #10,
segmented_lines_per_image\data_4\line_7.png,Label: 1 tablet after breakfast,
segmented_lines_per_image\data_5\line_0.png,Sig: Ipahid sa lahat ng apektadong bahagi,
segmented_lines_per_image\data_5\line_1.png,3. Avene Cicalfate Cream / Zinc Oxide 10% Cream,
segmented_lines_per_image\data_5\line_2.png,"Sig: Gamitin 3x/day sa katawan,",
segmented_lines_per_image\data_5\line_3.png,1. Muiprocin ointment #1,
segmented_lines_per_image\data_5\line_4.png,2x/day until healed,
segmented_lines_per_image\data_5\line_5.png,2. Clobetasol Propionate 0.05% cream #1,
segmented_lines_per_image\data_5\line_6.png,"Sig: Ipahid sa braso, legs, leeg 2x/day",
segmented_lines_per_image\data_5\line_7.png,until 14th day,
segmented_lines_per_image\data_5\line_8.png,#1,
segmented_lines_per_image\data_5\line_9.png,(2x/day sa genital area),
segmented_lines_per_image\data_6\line_0.png,Rx,
segmented_lines_per_image\data_6\line_1.png,Azithromycin 500mg/tab,
segmented_lines_per_image\data_6\line_2.png,PECOF tablet #14,
segmented_lines_per_image\data_6\line_3.png,(7AM - 7PM),
segmented_lines_per_image\data_6\line_4.png,(Azcotil),
segmented_lines_per_image\data_6\line_5.png,Sig: 1 tab Once a Day,
segmented_lines_per_image\data_6\line_6.png, x 5 Days x 5,
segmented_lines_per_image\data_6\line_7.png,(12 NOON),
segmented_lines_per_image\data_6\line_8.png,Bromhexine + Salbutamol +,
segmented_lines_per_image\data_6\line_9.png,Guaifenesin,
segmented_lines_per_image\data_6\line_10.png,Sig: 1 tab 2x a day,
segmented_lines_per_image\data_7\line_0.png,2,
segmented_lines_per_image\data_7\line_1.png,Cetirizine tablet 10mg #14,
segmented_lines_per_image\data_7\line_2.png,Sig: 1 tablet once a day ,
segmented_lines_per_image\data_7\line_3.png,At bedtime for 16 days,
segmented_lines_per_image\data_8\line_0.png,Rosuvastatin 10mg,
segmented_lines_per_image\data_8\line_1.png,(Rosustat / Lustatin) #100,
segmented_lines_per_image\data_8\line_2.png,1 tablet once a day,
segmented_lines_per_image\data_8\line_3.png,S: 1 tablet once a day,
segmented_lines_per_image\data_8\line_4.png,Amlopdipine 5mg,
segmented_lines_per_image\data_8\line_5.png,(Provasc / ),
segmented_lines_per_image\data_8\line_6.png,#100,
segmented_lines_per_image\data_8\line_7.png,Lozartan 50mg,
segmented_lines_per_image\data_8\line_8.png,(Kenzar),
segmented_lines_per_image\data_8\line_9.png,#100,
segmented_lines_per_image\data_8\line_10.png,REQUEST FOR DIAGNOSTIC TEST,
segmented_lines_per_image\data_8\line_11.png,S:,
segmented_lines_per_image\data_9\line_0.png,Sig: Ipahid sa makapal na butlig,
segmented_lines_per_image\data_9\line_1.png,1. Clobetasol Propionate 0.05% cream #1,
segmented_lines_per_image\data_9\line_2.png,2x/day hanggang numipis,
segmented_lines_per_image\data_9\line_3.png,2. Avene Cicalfate Cream,
segmented_lines_per_image\data_9\line_4.png,Sig: Ipahid 3x.day sa katawan (2x/day sa genital area),
segmented_lines_per_image\data_9\line_5.png,#1 ,
segmented_lines_per_image\data_9\line_6.png,3. Niacinamide Cream,
segmented_lines_per_image\data_9\line_7.png,Sig: Ipahid sa mga maitim na sugat,
segmented_lines_per_image\data_9\line_8.png,2x/day,
segmented_lines_per_image\data_10\line_0.png,Levofloxacin 500mg,
segmented_lines_per_image\data_10\line_1.png,(Omnivox) #7,
segmented_lines_per_image\data_10\line_2.png,Rx,
segmented_lines_per_image\data_10\line_3.png,S: 1 tablet once a day,
segmented_lines_per_image\data_10\line_4.png,Rosuvastatin 10mg,
segmented_lines_per_image\data_10\line_5.png,(Rosustat) #100,
segmented_lines_per_image\data_10\line_6.png,S: 1 tablet every other day,
segmented_lines_per_image\data_10\line_7.png,Amlodipine 5mg #100,
segmented_lines_per_image\data_10\line_8.png,(Bezam) (Provasc),
segmented_lines_per_image\data_10\line_9.png,S: 1 tablet once a day,
segmented_lines_per_image\data_12\line_0.png,Amlopidine 5mg,
segmented_lines_per_image\data_12\line_1.png,(Provasc) #100,
segmented_lines_per_image\data_12\line_2.png,Rx,
segmented_lines_per_image\data_12\line_3.png,1 tablet once a day,
segmented_lines_per_image\data_12\line_4.png,S: ,
segmented_lines_per_image\data_14\line_0.png,Amlodipine 5mg,
segmented_lines_per_image\data_14\line_1.png,(Provasc) #200,
segmented_lines_per_image\data_14\line_2.png,(Provasc) #200,
segmented_lines_per_image\data_14\line_3.png,#200,
segmented_lines_per_image\data_14\line_4.png,S: 1 tablet once a day,
segmented_lines_per_image\data_14\line_5.png,S: 1 tablet once a day,
segmented_lines_per_image\data_14\line_6.png,S: 1 tablet once a day,
segmented_lines_per_image\data_14\line_7.png,S: 1 tablet once a day,
segmented_lines_per_image\data_14\line_8.png,Febuxostat 40mg,
segmented_lines_per_image\data_14\line_9.png,(Urica / Uxenta) #100,
segmented_lines_per_image\data_14\line_10.png,S: 1 tablet once a day,
segmented_lines_per_image\data_14\line_11.png,Multivitamin ,
segmented_lines_per_image\data_14\line_12.png,(Centrum gold),
segmented_lines_per_image\data_14\line_13.png,#200,
segmented_lines_per_image\data_14\line_14.png,Amlodipine 5mg,
segmented_lines_per_image\data_15\line_0.png,Rx,
segmented_lines_per_image\data_15\line_1.png,Amlodipine 5mg,
segmented_lines_per_image\data_15\line_2.png,(Provasc) #100,
segmented_lines_per_image\data_15\line_3.png,S: 1 tablet once a day,
segmented_lines_per_image\data_15\line_5.png,(Urica) 40mg,
segmented_lines_per_image\data_15\line_6.png,#100,
segmented_lines_per_image\data_15\line_7.png,S: 1 tablet once a day,
segmented_lines_per_image\data_16\line_0.png,1. GLICLAZIDE,
segmented_lines_per_image\data_16\line_1.png,(ZELTINE MR),
segmented_lines_per_image\data_16\line_2.png,80mg,
segmented_lines_per_image\data_16\line_3.png,#400 370,
segmented_lines_per_image\data_16\line_4.png,SIG: 1 TABLET 2X A DAY,
segmented_lines_per_image\data_16\line_5.png,BEFORE MEALS,
segmented_lines_per_image\data_16\line_6.png,2. PIOGLITAZONE,
segmented_lines_per_image\data_16\line_7.png,30mg,
segmented_lines_per_image\data_16\line_8.png,(PIOZONE),
segmented_lines_per_image\data_16\line_9.png, #200 170,
segmented_lines_per_image\data_16\line_10.png,SIG: 1 TABLET 2X A DAY,
segmented_lines_per_image\data_16\line_11.png,BEFORE LUNCH,
segmented_lines_per_image\data_16\line_12.png,ATORVASTATIN 10MG,
segmented_lines_per_image\data_16\line_13.png,Atormax,
segmented_lines_per_image\data_16\line_14.png, #200 170,
segmented_lines_per_image\data_16\line_15.png,RITEMED,
segmented_lines_per_image\data_16\line_16.png,1 TABLET ONCE A DAY,
segmented_lines_per_image\data_16\line_17.png,AT NIGHT,
segmented_lines_per_image\data_16\line_18.png,4. VITAMIN B COMPLEX,
segmented_lines_per_image\data_16\line_19.png,(PHAREX) ,
segmented_lines_per_image\data_16\line_20.png, #200 170,
segmented_lines_per_image\data_16\line_21.png,S: 1 TABLET ONCE A DAY,
segmented_lines_per_image\data_16\line_22.png,IN THE MORNING,
segmented_lines_per_image\data_18\line_0.png,Label: 1 tablet every 8 hours for,
segmented_lines_per_image\data_18\line_1.png,7 days,
segmented_lines_per_image\data_18\line_2.png,colds,
segmented_lines_per_image\data_18\line_3.png,Hexitidine oral antiseptic,
segmented_lines_per_image\data_18\line_4.png,(Bactidol) #1 bottle,
segmented_lines_per_image\data_18\line_5.png,9pm,
segmented_lines_per_image\data_18\line_6.png,Label: 1 tablet at night,
segmented_lines_per_image\data_18\line_7.png,Co-amixoclav 625mg/tablet,
segmented_lines_per_image\data_18\line_8.png,6pm,
segmented_lines_per_image\data_18\line_9.png,Sinupret Forte #15,
segmented_lines_per_image\data_18\line_10.png,Label: gargle 2x a day,
segmented_lines_per_image\data_18\line_11.png,Bilastine 20mg/tablet #5,
segmented_lines_per_image\data_18\line_12.png,# 21,
segmented_lines_per_image\data_18\line_13.png,2pm,
segmented_lines_per_image\data_18\line_14.png,10pm,
segmented_lines_per_image\data_18\line_16.png,7am,
segmented_lines_per_image\data_18\line_17.png,1pm,
segmented_lines_per_image\data_18\line_18.png,7pm,
segmented_lines_per_image\data_18\line_19.png,Label: 1 tablet 3x a day for,
segmented_lines_per_image\data_19\line_0.png,2. Paracetamol 500mg/tab #16,
segmented_lines_per_image\data_19\line_1.png,Sig. take 1 tablet,
segmented_lines_per_image\data_19\line_2.png,1. Co amoxiclav 625mg / tab #25,
segmented_lines_per_image\data_19\line_3.png,Sig. take 1 tablet,
segmented_lines_per_image\data_19\line_4.png,P5,
segmented_lines_per_image\data_19\line_5.png,Every 8 hours for,
segmented_lines_per_image\data_19\line_6.png,7 days,
segmented_lines_per_image\data_19\line_7.png,Every 6 hours as needed,
segmented_lines_per_image\data_19\line_8.png,for fever,
segmented_lines_per_image\data_20\line_0.png,Amlodipine 10mg #200,
segmented_lines_per_image\data_20\line_1.png,(Bezam),
segmented_lines_per_image\data_20\line_2.png,S: 1 tablet once a day,
segmented_lines_per_image\data_20\line_3.png,Rosuvastatin 10mg,
segmented_lines_per_image\data_20\line_4.png,(Lustatin) #200,
segmented_lines_per_image\data_20\line_5.png,Rx Am,
segmented_lines_per_image\data_20\line_6.png,Telmisartan #200,
segmented_lines_per_image\data_20\line_7.png,(Teldra) 50mg,
segmented_lines_per_image\data_20\line_8.png,S: 1 tablet once a day,
segmented_lines_per_image\data_20\line_9.png,PM S: 1 table once a day,
segmented_lines_per_image\data_21\line_0.png,Accuflam spray,
segmented_lines_per_image\data_21\line_1.png,#1,
segmented_lines_per_image\data_21\line_2.png,Rx,
segmented_lines_per_image\data_21\line_3.png,(Cataflam) 50mg,
segmented_lines_per_image\data_21\line_4.png,#5,
segmented_lines_per_image\data_21\line_5.png,Diclofenac,
segmented_lines_per_image\data_21\line_6.png,S: 1 tablet once a day,
segmented_lines_per_image\data_21\line_7.png,or as needed for pain,
segmented_lines_per_image\data_21\line_8.png,#1,
segmented_lines_per_image\data_21\line_9.png,S: AD,
segmented_lines_per_image\data_23\line_0.png,(zinof) #200,
segmented_lines_per_image\data_23\line_1.png,Amlodipine 5mg #200,
segmented_lines_per_image\data_23\line_2.png,fenofibrate 200mg,
segmented_lines_per_image\data_23\line_3.png,Rx,
segmented_lines_per_image\data_23\line_4.png,S: 1 tablet once a day,
segmented_lines_per_image\data_23\line_6.png,S: 1 tablet once a day,
segmented_lines_per_image\data_23\line_7.png,S: 1 tablet once a day,
segmented_lines_per_image\data_23\line_8.png,(Bezam/Provasc),
segmented_lines_per_image\data_23\line_9.png,Lozartan 50mg,
segmented_lines_per_image\data_23\line_10.png,(Kenzar / Bezartan),
segmented_lines_per_image\data_23\line_11.png,#200,
segmented_lines_per_image\data_23\line_12.png,Metformin 500mg #400,
segmented_lines_per_image\data_23\line_13.png,(Normax),
segmented_lines_per_image\data_23\line_14.png,1 tablet 2x a day,
segmented_lines_per_image\data_23\line_15.png,S:,
segmented_lines_per_image\data_24\line_0.png,vit c/ zinc,
segmented_lines_per_image\data_24\line_1.png,(Civaz),
segmented_lines_per_image\data_24\line_2.png,S: 1 tablet once,
segmented_lines_per_image\data_24\line_3.png,a day,
segmented_lines_per_image\data_24\line_4.png,S:,
segmented_lines_per_image\data_24\line_5.png,#100,
segmented_lines_per_image\data_25\line_0.png,Amlodipine 500mg,
segmented_lines_per_image\data_25\line_1.png,(Provasc),
segmented_lines_per_image\data_25\line_2.png,#100,
segmented_lines_per_image\data_25\line_3.png,Rx,
segmented_lines_per_image\data_25\line_4.png,#100,
segmented_lines_per_image\data_25\line_5.png,S: 1 tablet once a day,
segmented_lines_per_image\data_25\line_6.png,(Atenurix) 40mg,
segmented_lines_per_image\data_25\line_7.png,#60,
segmented_lines_per_image\data_25\line_8.png,S: 1 tablet once a day,
segmented_lines_per_image\data_26\line_0.png,DUO,
segmented_lines_per_image\data_26\line_1.png,EMPAGLIFLOZIN,
segmented_lines_per_image\data_26\line_2.png,METFORMIN,
segmented_lines_per_image\data_26\line_3.png,12.5,
segmented_lines_per_image\data_26\line_4.png,500,
segmented_lines_per_image\data_26\line_5.png,Jardiance,
segmented_lines_per_image\data_26\line_6.png,#200,
segmented_lines_per_image\data_27\line_0.png,5mg,
segmented_lines_per_image\data_27\line_1.png,#100,
segmented_lines_per_image\data_27\line_2.png,S: 1 tablet once a day,
segmented_lines_per_image\data_27\line_3.png,(Neomet) 500mg,
segmented_lines_per_image\data_27\line_4.png,#200,
segmented_lines_per_image\data_27\line_5.png,Amlodipine,
segmented_lines_per_image\data_27\line_6.png,(Provasc),
segmented_lines_per_image\data_27\line_7.png,Rx,
segmented_lines_per_image\data_27\line_8.png,S: 1 tablet 2x a day,
segmented_lines_per_image\data_27\line_9.png,S:,
segmented_lines_per_image\data_27\line_10.png,S: 1 tablet once a day,
segmented_lines_per_image\data_27\line_11.png,Lozartan 50mg,
segmented_lines_per_image\data_27\line_12.png,(Kenzar) 	#100,
segmented_lines_per_image\data_28\line_0.png,(Provasc)   #100,
segmented_lines_per_image\data_28\line_1.png,S: 1 tablet 2x a day,
segmented_lines_per_image\data_28\line_2.png,S: 1 tablet once a day,
segmented_lines_per_image\data_28\line_3.png,lozartan 50mg,
segmented_lines_per_image\data_28\line_4.png,7AM,
segmented_lines_per_image\data_28\line_5.png,(Kenzar) #100,
segmented_lines_per_image\data_28\line_6.png,S: 1 tablet once a day,
segmented_lines_per_image\data_28\line_7.png,(glitab) 30mg,
segmented_lines_per_image\data_28\line_9.png,#200,
segmented_lines_per_image\data_28\line_10.png,Metformin 500mg,
segmented_lines_per_image\data_28\line_11.png,(Neomet) #100,
segmented_lines_per_image\data_28\line_12.png,S: 1 tablet,
segmented_lines_per_image\data_28\line_13.png,once a day,
segmented_lines_per_image\data_28\line_14.png,Amlodipine 5mg,
segmented_lines_per_image\data_28\line_15.png,Rx 7pm,
segmented_lines_per_image\data_28\line_16.png,#100,
segmented_lines_per_image\data_30\line_0.png,Rx,
segmented_lines_per_image\data_30\line_1.png,5mg/5ml,
segmented_lines_per_image\data_30\line_2.png,7 days,
segmented_lines_per_image\data_30\line_3.png,10mg/5ml,
segmented_lines_per_image\data_30\line_4.png,2. Prednisone syrup,
segmented_lines_per_image\data_30\line_5.png,#5,
segmented_lines_per_image\data_30\line_6.png,Sig: Give 3.2ml 2x/day,
segmented_lines_per_image\data_30\line_7.png,for 5 days,
segmented_lines_per_image\data_30\line_8.png,Syrup,
segmented_lines_per_image\data_30\line_9.png,1.Cetirizine,
segmented_lines_per_image\data_30\line_10.png,#1,
segmented_lines_per_image\data_30\line_11.png,2x/day for,
segmented_lines_per_image\data_30\line_12.png,Sig: Give 2.5ml ,
segmented_lines_per_image\data_38\line_0.png,2. Etoxib ,
segmented_lines_per_image\data_38\line_1.png,60mg #10,
segmented_lines_per_image\data_38\line_2.png,stomach for 7 days,
segmented_lines_per_image\data_38\line_3.png,S: 1tab 2x/day ,
segmented_lines_per_image\data_38\line_4.png,For 3-6days,
segmented_lines_per_image\data_38\line_5.png,(7am-3pm-11pm),
segmented_lines_per_image\data_38\line_6.png,1. Clindamycin (Peldacyn),
segmented_lines_per_image\data_38\line_7.png,300 g # 21 or (Dalacin-C),
segmented_lines_per_image\data_38\line_8.png,S: 1cap every 8hrs on full,
segmented_lines_per_image\data_39\line_0.png,1 vial,
segmented_lines_per_image\data_39\line_1.png,2x/day,
segmented_lines_per_image\data_39\line_2.png,mix,
segmented_lines_per_image\data_39\line_3.png,in water (½ glass will do),
segmented_lines_per_image\data_39\line_4.png,Take,
segmented_lines_per_image\data_39\line_5.png,Bacillus ,
segmented_lines_per_image\data_39\line_6.png,(Erceflora) # 10,
segmented_lines_per_image\data_40\line_0.png,5mg,
segmented_lines_per_image\data_40\line_1.png,(Provasc),
segmented_lines_per_image\data_40\line_2.png,"S: 1-2 tablets as needed for insomnia
",
segmented_lines_per_image\data_40\line_3.png,Amlopidine,
segmented_lines_per_image\data_40\line_4.png,S: 1 tablet once a day,
segmented_lines_per_image\data_40\line_5.png,S: 1 tablet as needed,
segmented_lines_per_image\data_40\line_6.png,for dizziness,
segmented_lines_per_image\data_40\line_7.png,#100,
segmented_lines_per_image\data_40\line_8.png,Betahistine,
segmented_lines_per_image\data_40\line_9.png,16mg,
segmented_lines_per_image\data_40\line_10.png,(Nuvert),
segmented_lines_per_image\data_40\line_11.png,#30,
segmented_lines_per_image\data_40\line_12.png,Melatonin 3mg,
segmented_lines_per_image\data_40\line_13.png,#30,
segmented_lines_per_image\data_40\line_14.png,for insomnia,
segmented_lines_per_image\data_49\line_0.png,Dynatussin – # 30 tabs,
segmented_lines_per_image\data_49\line_1.png,Sig: 1 tablet 3x a day,
segmented_lines_per_image\data_49\line_2.png,"Co-Amoxiclav 625 mg – 14 tabs",
segmented_lines_per_image\data_49\line_3.png,"Sig: 1 tablet 2x daily for 7 days",
segmented_lines_per_image\data_49\line_4.png,Azithromycin 500mg – #3 tabs,
segmented_lines_per_image\data_49\line_5.png,Sig: 1 tablet once a day for 3 days,
segmented_lines_per_image\data_52\line_0.png,Spironolactone 25 mg – # 8,
segmented_lines_per_image\data_52\line_1.png,Sig 1 tab 2x a week (Tuesday & Saturday),
segmented_lines_per_image\data_52\line_2.png,"after breakfast",
segmented_lines_per_image\data_52\line_3.png,Tamsulosin 400 mcg – #30,
segmented_lines_per_image\data_52\line_4.png,Sig 1 tablet once a day,
segmented_lines_per_image\data_52\line_5.png,Sodium Bicarbonate 650mg – #60,
segmented_lines_per_image\data_52\line_6.png,Sig 1 tablet 2x a day,
segmented_lines_per_image\data_52\line_7.png,"Citicoline 500 mcg – #30",
segmented_lines_per_image\data_52\line_8.png,Sig 1 tablet once a day,
segmented_lines_per_image\data_52\line_9.png,"Memantine 10mg – #60",
segmented_lines_per_image\data_52\line_10.png,Sig 1 tablet 2x a day,
segmented_lines_per_image\data_52\line_11.png,Tiotropium/Olodaterol (Spiolto Respimat),
segmented_lines_per_image\data_52\line_12.png,Sig 2 puffs once a day,
segmented_lines_per_image\data_52\line_13.png,Rosuvastatin 10mg,
segmented_lines_per_image\data_52\line_14.png,– #30,
segmented_lines_per_image\data_52\line_15.png,Sig 1 tablet at bedtime,
segmented_lines_per_image\data_52\line_16.png,Quetiapine 100 mcg – #30,
segmented_lines_per_image\data_52\line_17.png,"Sig ½ tablet 2x a day",
segmented_lines_per_image\data_52\line_18.png,Escitalopram 10 mg – #30,
segmented_lines_per_image\data_52\line_19.png,Sig 1 tablet once day,
segmented_lines_per_image\data_52\line_20.png,at bedtime,
segmented_lines_per_image\data_54\line_0.png,Clindamycin 300mg/cap – 28,
segmented_lines_per_image\data_54\line_1.png,"(6am -12pm - 6pm - 12am)",
segmented_lines_per_image\data_54\line_2.png,"This is skin infection",
segmented_lines_per_image\data_54\line_3.png,Co-Amoxiclav 625 mg – 21 tabs,
segmented_lines_per_image\data_54\line_4.png,Sig 1 tablet 3x daily for 7 days,
segmented_lines_per_image\data_54\line_5.png,"Sig 1 cal every 6 hours for 7 days",
segmented_lines_per_image\data_56\line_0.png,Clindamycin 75mg/5ml,
segmented_lines_per_image\data_56\line_1.png,Sig take 20ml via,
segmented_lines_per_image\data_56\line_2.png,#4,
segmented_lines_per_image\data_56\line_3.png,mouth three times a day,
segmented_lines_per_image\data_56\line_4.png,with strict aspiration precaution,
segmented_lines_per_image\data_56\line_5.png,for 7 days,
segmented_lines_per_image\data_57\line_0.png,Sig take 1 tablet once a ,
segmented_lines_per_image\data_57\line_1.png,day at breakfast,
segmented_lines_per_image\data_57\line_2.png,1. Biotene Spray,
segmented_lines_per_image\data_57\line_3.png,Sig Spray on oral mucosa #3,
segmented_lines_per_image\data_57\line_4.png,3x a day,
segmented_lines_per_image\data_57\line_5.png,2. Carbocisteine 100 mg/5 mL ,
segmented_lines_per_image\data_57\line_6.png,(Loviscol) (120ml) #3,
segmented_lines_per_image\data_57\line_7.png,"Sig Give 5ml three times a day
",
segmented_lines_per_image\data_57\line_8.png,3. Omeprazole 40mg # 14,
segmented_lines_per_image\data_60\line_0.png,at bedtime,
segmented_lines_per_image\data_60\line_1.png,"Paracetamol 250ml/5ml
",
segmented_lines_per_image\data_60\line_2.png,(Calpol),
segmented_lines_per_image\data_60\line_3.png,#3,
segmented_lines_per_image\data_60\line_4.png,Sig take 10ml every,
segmented_lines_per_image\data_60\line_5.png,4 hours for fever,
segmented_lines_per_image\data_60\line_6.png,"> 37.3 C
",
segmented_lines_per_image\data_62\line_0.png,"Essentiale # 20
",
segmented_lines_per_image\data_62\line_1.png,Once a day,
segmented_lines_per_image\data_62\line_2.png,Heparin 30g OD #100,
segmented_lines_per_image\data_62\line_3.png,Inhaled,
segmented_lines_per_image\data_62\line_4.png,Corolan 7.5g # 200,
segmented_lines_per_image\data_62\line_5.png,Facial,
segmented_lines_per_image\data_62\line_6.png,Lasix 40g # 100,
segmented_lines_per_image\data_62\line_7.png,Espididol,
segmented_lines_per_image\data_62\line_8.png,Inspra 25g # 100,
segmented_lines_per_image\data_62\line_9.png,Daily,
segmented_lines_per_image\data_62\line_10.png,"Coversyl 5g # 100
",
segmented_lines_per_image\data_62\line_11.png,Esd bc,
segmented_lines_per_image\data_62\line_12.png,Jardiance 25g # 100,
segmented_lines_per_image\data_62\line_13.png,Trimag 200g # 100,
segmented_lines_per_image\data_62\line_14.png,Cardiomax # 200,
segmented_lines_per_image\data_62\line_15.png,Nebilet 5g #100,
segmented_lines_per_image\data_62\line_16.png,Candid V 200mg #300,
segmented_lines_per_image\data_62\line_17.png,Plosul 75g # 100,
segmented_lines_per_image\data_62\line_18.png,Roswin 10g # 100,
segmented_lines_per_image\data_65\line_0.png,"S: 1 tablet once a day
",
segmented_lines_per_image\data_65\line_1.png,7pm,
segmented_lines_per_image\data_65\line_2.png,#100,
segmented_lines_per_image\data_65\line_3.png,Amlodipine 5mg,
segmented_lines_per_image\data_65\line_4.png,"(Provasc) # 100
",
segmented_lines_per_image\data_65\line_5.png,7am (Atenurix) 40mg,
segmented_lines_per_image\data_65\line_6.png,#100,
segmented_lines_per_image\data_65\line_7.png,"S: 1 tablet once a day
",
segmented_lines_per_image\data_65\line_8.png,(Rosuvastatin) 10mg,
segmented_lines_per_image\data_65\line_9.png,7pm S: 1 tablet once a day,
segmented_lines_per_image\data_69\line_0.png,10mg # 100,
segmented_lines_per_image\data_69\line_1.png,Amlodipine 5mg,
segmented_lines_per_image\data_69\line_2.png,"(Provasc) # 100
",
segmented_lines_per_image\data_69\line_3.png,Losartan 50mg,
segmented_lines_per_image\data_69\line_4.png,(Kenzar) # 100,
segmented_lines_per_image\data_69\line_5.png,(Lustatin / Rosuvast),
segmented_lines_per_image\data_69\line_6.png,"S: 1 tablet once a day
",
segmented_lines_per_image\data_69\line_7.png,"S: 1 tablet once a day
",
segmented_lines_per_image\data_69\line_8.png,"S: 1 tablet once a day
",
segmented_lines_per_image\data_70\line_0.png,Losartan 50mg,
segmented_lines_per_image\data_70\line_1.png,(Kenzar),
segmented_lines_per_image\data_70\line_2.png,1 tablet once a day,
segmented_lines_per_image\data_70\line_3.png,(Omnivox) 500mg,
segmented_lines_per_image\data_70\line_4.png,#7,
segmented_lines_per_image\data_70\line_5.png,"S: 1 tablet once a day
",
segmented_lines_per_image\data_70\line_6.png,Lunch,
segmented_lines_per_image\data_70\line_7.png,Morning,
segmented_lines_per_image\data_70\line_8.png,(Lustatin) 10mg #100,
segmented_lines_per_image\data_70\line_9.png,Rosuvast,
segmented_lines_per_image\data_70\line_10.png,Before,
segmented_lines_per_image\data_70\line_11.png,Bedtime,
segmented_lines_per_image\data_70\line_12.png,"S: 1 tablet once a day
",
segmented_lines_per_image\data_70\line_13.png,"(Provasc) 5mg #100
",
segmented_lines_per_image\data_70\line_14.png,Bedtime,
segmented_lines_per_image\data_70\line_15.png,"S: 1 tablet once a day
",
segmented_lines_per_image\data_70\line_16.png,#100,
segmented_lines_per_image\data_71\line_0.png,Flutiform Inhaler 125 # 2,
segmented_lines_per_image\data_71\line_1.png,Flutiform Inhaler 125 # 2,
segmented_lines_per_image\data_71\line_2.png,gargle after use,
segmented_lines_per_image\data_71\line_3.png,(1 - 0 - 1),
segmented_lines_per_image\data_73\line_0.png,at bedtime,
segmented_lines_per_image\data_73\line_1.png,S: apply on forehead/hairline,
segmented_lines_per_image\data_73\line_2.png,Daivobet ointment,
segmented_lines_per_image\data_73\line_3.png,Hydrocortisone 1% cream,
segmented_lines_per_image\data_73\line_4.png,S: apply 2x/day on side,
segmented_lines_per_image\data_73\line_5.png,of nose,
segmented_lines_per_image\data_73\line_6.png,Halovate ointment,
segmented_lines_per_image\data_73\line_7.png,S: apply on legs 2x/day,
segmented_lines_per_image\data_74\line_1.png,Itraconazole 100mg,
segmented_lines_per_image\data_74\line_2.png,10 days,
segmented_lines_per_image\data_74\line_3.png,#7,
segmented_lines_per_image\data_74\line_4.png,(Inox),
segmented_lines_per_image\data_74\line_5.png,0 - 1 - 0,
segmented_lines_per_image\data_74\line_6.png,S: 1 tab a day,
segmented_lines_per_image\data_74\line_7.png,Clotrimazole eardrops,
segmented_lines_per_image\data_74\line_8.png,(Candiva otic),
segmented_lines_per_image\data_74\line_9.png,2 drops in right ear,
segmented_lines_per_image\data_74\line_10.png,2x/day for,
segmented_lines_per_image\data_78\line_0.png,Ciprofloxacin,
segmented_lines_per_image\data_78\line_1.png,500 mg/tab × 7 days,
segmented_lines_per_image\data_78\line_2.png,AM LUNCH PM BED TIME NO. OF,
segmented_lines_per_image\data_78\line_3.png,PIECES,
segmented_lines_per_image\data_78\line_4.png,8A,
segmented_lines_per_image\data_78\line_5.png,8P,
segmented_lines_per_image\data_78\line_6.png,#14,
segmented_lines_per_image\data_81\line_0.png,1. Cefuroxime,
segmented_lines_per_image\data_81\line_1.png,???,
segmented_lines_per_image\data_81\line_2.png,(Cemex),
segmented_lines_per_image\data_81\line_3.png,× 7 days,
segmented_lines_per_image\data_81\line_4.png,AM LUNCH PM BED TIME NO. OF,
segmented_lines_per_image\data_81\line_5.png,PIECES,
segmented_lines_per_image\data_81\line_6.png,8A,
segmented_lines_per_image\data_81\line_7.png,8P,
segmented_lines_per_image\data_81\line_8.png,#14,
segmented_lines_per_image\data_88\line_0.png,1. Co-Amoxiclav,
segmented_lines_per_image\data_88\line_1.png,(Augmentin) 625mg / tab,
segmented_lines_per_image\data_88\line_2.png,Fluimucil,
segmented_lines_per_image\data_88\line_3.png,600 mg/tab × 7 days,
segmented_lines_per_image\data_88\line_4.png,AM LUNCH PM BED TIME NO. OF,
segmented_lines_per_image\data_88\line_5.png,PIECES,
segmented_lines_per_image\data_88\line_6.png,#14,
segmented_lines_per_image\data_88\line_7.png,#7,
segmented_lines_per_image\data_88\line_8.png,8A,
segmented_lines_per_image\data_88\line_9.png,8P,
segmented_lines_per_image\data_91\line_0.png,Sinecod,
segmented_lines_per_image\data_91\line_1.png,Forte,
segmented_lines_per_image\data_91\line_2.png,625 mg/tab × 7 days,
segmented_lines_per_image\data_91\line_3.png,AM LUNCH PM BED TIME NO. OF,
segmented_lines_per_image\data_91\line_4.png,#21,
segmented_lines_per_image\data_91\line_5.png,#5,
segmented_lines_per_image\data_91\line_6.png,#14,
segmented_lines_per_image\data_91\line_7.png,PIECES,
segmented_lines_per_image\data_91\line_8.png,Cetirizine,
segmented_lines_per_image\data_91\line_9.png,5 days ,
segmented_lines_per_image\data_91\line_10.png,1 tab x,
segmented_lines_per_image\data_91\line_11.png,Co-Amoxiclav,
segmented_lines_per_image\data_95\line_0.png,Deolsin capsule #20,
segmented_lines_per_image\data_95\line_1.png,2 sprays/nostril,
segmented_lines_per_image\data_95\line_2.png,Nasofree/Clariderm,
segmented_lines_per_image\data_95\line_3.png,Every 12 hrs,
segmented_lines_per_image\data_95\line_4.png,if needed,
segmented_lines_per_image\data_95\line_5.png,Do not exceed 5 days,
segmented_lines_per_image\data_95\line_6.png,of regular use ,
segmented_lines_per_image\data_95\line_10.png,Oxymetazoline,
segmented_lines_per_image\data_96\line_0.png,RX,
segmented_lines_per_image\data_96\line_1.png,Mucosaliv,
segmented_lines_per_image\data_96\line_2.png,30g,
segmented_lines_per_image\data_96\line_4.png,2x,
segmented_lines_per_image\data_97\line_0.png,Rx,
segmented_lines_per_image\data_97\line_1.png,July,
segmented_lines_per_image\data_97\line_2.png,Ultrasound of whole abdomen,
segmented_lines_per_image\data_97\line_3.png,U/S of H breast & axilla,
segmented_lines_per_image\data_98\line_0.png,Rx,
segmented_lines_per_image\data_98\line_1.png,(Tobracare),
segmented_lines_per_image\data_98\line_2.png,1g,
segmented_lines_per_image\data_98\line_3.png,Oint,
segmented_lines_per_image\data_100\line_0.png,1 cap 2x a day,
segmented_lines_per_image\data_100\line_1.png,2. Glumet XR 500mg/tab #2,
segmented_lines_per_image\data_100\line_2.png,1 tab once a day,
segmented_lines_per_image\data_100\line_3.png,#13,
segmented_lines_per_image\data_100\line_4.png,Silgram 750mg/cap,
segmented_lines_per_image\data_100\line_5.png,Rx,
segmented_lines_per_image\data_101\line_0.png,Amoxicillin Trihydrate 500 mg,
segmented_lines_per_image\data_101\line_1.png,(Amoxcillin) #15,
segmented_lines_per_image\data_101\line_2.png,Sig: 1 tab 3x a day x 5 days,
segmented_lines_per_image\data_101\line_3.png,Mefenamic Acid 500 mg,
segmented_lines_per_image\data_101\line_4.png,(Dolfenal) #6,
segmented_lines_per_image\data_101\line_5.png,Sig: 1 tab every 4 hours,
segmented_lines_per_image\data_102\line_0.png,1. at bedtime ,
segmented_lines_per_image\data_102\line_1.png,8:00 PM,
segmented_lines_per_image\data_102\line_2.png,(Stelix) (10/5),
segmented_lines_per_image\data_102\line_3.png,1. Nac (Pneumotyl) 600 - 7,
segmented_lines_per_image\data_102\line_4.png,1. tablet dissolve in 1 glass of,
segmented_lines_per_image\data_102\line_5.png,"water, once a day",
segmented_lines_per_image\data_102\line_6.png,(12nn),
segmented_lines_per_image\data_102\line_7.png,2. Levofloxacin (Levoflox) 500 #7,
segmented_lines_per_image\data_102\line_8.png,12 noon,
segmented_lines_per_image\data_102\line_9.png,S:,
segmented_lines_per_image\data_102\line_10.png,3. Montelukast + Cetirizine,
segmented_lines_per_image\data_103\line_0.png,1. Montelukast + Cetirizine,
segmented_lines_per_image\data_103\line_1.png,(Stelix) 10/5,
segmented_lines_per_image\data_103\line_2.png,-15,
segmented_lines_per_image\data_103\line_3.png,S: 2. at bedtime,
segmented_lines_per_image\data_104\line_0.png,S: 1. oday,
segmented_lines_per_image\data_104\line_1.png,x 2 weeks,
segmented_lines_per_image\data_104\line_2.png,1. Pantoprazole + Domperidone  ,
segmented_lines_per_image\data_104\line_3.png,#15,
segmented_lines_per_image\data_104\line_4.png,(Pantec) 40/30,
segmented_lines_per_image\data_105\line_0.png,RX,
segmented_lines_per_image\data_105\line_1.png,co-amoxiclav 625 mg / capsule,
segmented_lines_per_image\data_105\line_2.png,Sig: 1 capsule every 8 hours x 7 days,
segmented_lines_per_image\data_105\line_3.png,Arcoxia 90 mg / capsule,
segmented_lines_per_image\data_105\line_4.png,Sig: 1 capsule OD / once a day or as,
segmented_lines_per_image\data_105\line_5.png,needed for pain,
segmented_lines_per_image\data_106\line_0.png,RX,
segmented_lines_per_image\data_106\line_1.png,cefalexin 500mg/capsule,
segmented_lines_per_image\data_106\line_2.png,1: capsule every 8 hours x 7 days,
segmented_lines_per_image\data_106\line_3.png,Sig:,
segmented_lines_per_image\data_106\line_4.png,mefenamic acid 500mg/capsule,
segmented_lines_per_image\data_106\line_5.png,Sig: 1 capsule every 8 hours as needed,
segmented_lines_per_image\data_106\line_6.png,for pain,
segmented_lines_per_image\data_107\line_0.png,amlodipine 10 g,
segmented_lines_per_image\data_107\line_1.png,Atorvastatin 40 mg,
segmented_lines_per_image\data_107\line_2.png,S: 1 l od (7pm),
segmented_lines_per_image\data_107\line_3.png,50g,
segmented_lines_per_image\data_107\line_4.png,100,
segmented_lines_per_image\data_107\line_5.png,(Lifezar),
segmented_lines_per_image\data_107\line_6.png,S: 1 l od (7am),
segmented_lines_per_image\data_107\line_7.png,100,
segmented_lines_per_image\data_107\line_8.png,(Lipitor) ,
segmented_lines_per_image\data_107\line_9.png,Febuxostat 40,
segmented_lines_per_image\data_107\line_10.png,100,
segmented_lines_per_image\data_107\line_11.png,(Atenurix),
segmented_lines_per_image\data_107\line_12.png,RX,
segmented_lines_per_image\data_107\line_13.png,(Norvasc),
segmented_lines_per_image\data_107\line_14.png,100,
synthetic_segmented\V00\page_1\line_0.png,100 mg,
synthetic_segmented\V00\page_1\line_1.png,celecoxib,
synthetic_segmented\V00\page_1\line_2.png,#2 capsules,
synthetic_segmented\V00\page_1\line_3.png,Sig: take 1 cap every 12 hours,
synthetic_segmented\V00\page_1\line_4.png,"for moderate pain, as needed",
synthetic_segmented\V00\page_2\line_0.png,50mg,
synthetic_segmented\V00\page_2\line_1.png,Diclofenac k 50mg,
synthetic_segmented\V00\page_2\line_2.png,#9 tabs,
synthetic_segmented\V00\page_2\line_3.png,Sig: take 1 tab every 8 hours,
synthetic_segmented\V00\page_2\line_4.png,for moderate pain as,
synthetic_segmented\V00\page_2\line_5.png,needed,
synthetic_segmented\V00\page_3\line_0.png,??mg,
synthetic_segmented\V00\page_3\line_1.png,Ibuprofen,
synthetic_segmented\V00\page_3\line_2.png,#6 caps,
synthetic_segmented\V00\page_3\line_3.png,Sig: take 1 cap every 8 hrs,
synthetic_segmented\V00\page_3\line_4.png,as needed,
synthetic_segmented\V00\page_3\line_5.png,"(3x a day) for mild pain,",
synthetic_segmented\V00\page_4\line_0.png,Prednisone ,
synthetic_segmented\V00\page_4\line_1.png,10mg,
synthetic_segmented\V00\page_4\line_2.png,#10 tabs,
synthetic_segmented\V00\page_4\line_3.png,Sig:  - take 1 tab every 6 hrs on,
synthetic_segmented\V00\page_4\line_4.png,the first day,
synthetic_segmented\V00\page_4\line_5.png,- take 1 tab every 8 hours on,
synthetic_segmented\V00\page_4\line_6.png,the second day,
synthetic_segmented\V00\page_4\line_7.png,- take 1 tab every 12 hours on,
synthetic_segmented\V00\page_4\line_8.png,the third day,
synthetic_segmented\V00\page_4\line_9.png,- take 1 tab once on the,
synthetic_segmented\V00\page_4\line_10.png,"fourth day, ??",
synthetic_segmented\V02\page_1\line_1.png,1. Ibuprofen 400 mg,
synthetic_segmented\V02\page_1\line_2.png,#10,
synthetic_segmented\V02\page_1\line_3.png,2. Celecoxib 200 mg,
synthetic_segmented\V02\page_1\line_4.png,Sig: 1 capsule once a day,
synthetic_segmented\V02\page_1\line_5.png,3. Clonidine 0.17 mg,
synthetic_segmented\V02\page_1\line_6.png,Sig: 1 tablet at bedtime,
synthetic_segmented\V02\page_1\line_7.png,4. Metoclopramide 10 mg,
synthetic_segmented\V02\page_1\line_8.png,Sig: 1 tablet OD 30 minutes,
synthetic_segmented\V02\page_1\line_9.png,before meals & at bedtime,
synthetic_segmented\V02\page_1\line_10.png,5. Naproxen 500 mg,
synthetic_segmented\V02\page_1\line_11.png,#5,
synthetic_segmented\V02\page_1\line_12.png,S: 1 tablet daily,
synthetic_segmented\V02\page_1\line_13.png,S: 1 tablet q 4 hours as needed,
synthetic_segmented\V02\page_1\line_14.png,6. Omaprazole 40 mg,
synthetic_segmented\V02\page_1\line_15.png,#20,
synthetic_segmented\V02\page_1\line_16.png,S: 1 capsule 30-60 min before breakfast,
synthetic_segmented\V02\page_1\line_17.png,7. Atenolol 50 mg,
synthetic_segmented\V02\page_1\line_18.png,#30,
synthetic_segmented\V02\page_1\line_19.png,S: 1 tablet daily,
synthetic_segmented\V02\page_2\line_0.png,8. Clopidogrel 70 mg,
synthetic_segmented\V02\page_2\line_1.png,#30,
synthetic_segmented\V02\page_2\line_2.png,S: 1 tablet once a day,
synthetic_segmented\V02\page_2\line_3.png,9. Paracetamol 500 mg,
synthetic_segmented\V02\page_2\line_4.png,#30,
synthetic_segmented\V02\page_2\line_5.png,S: 1 tablet for 4 hrs pain,
synthetic_segmented\V02\page_2\line_6.png,10. Amlodipine 5 mg,
synthetic_segmented\V02\page_2\line_7.png,S: 1 tablet once a day,
synthetic_segmented\V02\page_2\line_8.png,11. Aspirin 80 mg,
synthetic_segmented\V02\page_2\line_9.png,#30,
synthetic_segmented\V02\page_2\line_10.png,S: 1 tablet od 4 to 6 hours as needed,
synthetic_segmented\V02\page_2\line_11.png,12 Risedronate 35 mg,
synthetic_segmented\V02\page_2\line_12.png,#30,
synthetic_segmented\V02\page_2\line_13.png,S: 1 tablet per orem once a week,
synthetic_segmented\V02\page_2\line_14.png,13. Colchicine 500 mg,
synthetic_segmented\V02\page_2\line_15.png,#10,
synthetic_segmented\V02\page_2\line_16.png,S: 1 table for hour x 8 hours,
synthetic_segmented\V02\page_2\line_17.png,14 Losartan 50 mg,
synthetic_segmented\V02\page_2\line_18.png,S: 1 tablet once a day,
synthetic_segmented\V02\page_2\line_19.png,15. Prednisone 10 mg,
synthetic_segmented\V02\page_2\line_20.png,#15,
synthetic_segmented\V02\page_2\line_21.png,S: 1 tablet 3x a day,
synthetic_segmented\V02\page_3\line_1.png,16. Metoprolol 15 mg,
synthetic_segmented\V02\page_3\line_2.png,#30,
synthetic_segmented\V02\page_3\line_3.png,S: 1 tablet daily,
synthetic_segmented\V02\page_3\line_4.png,17. cholecalciferol (vitamin D3),
synthetic_segmented\V02\page_3\line_5.png,#30,
synthetic_segmented\V02\page_3\line_6.png,S: 1 gtt once a day,
synthetic_segmented\V02\page_3\line_7.png,18. Diclofenac 50 mg,
synthetic_segmented\V02\page_3\line_8.png,#10,
synthetic_segmented\V02\page_3\line_9.png,S: 1 tablet 3x day p.c,
synthetic_segmented\V02\page_3\line_10.png,19. Alendronate 10 mg,
synthetic_segmented\V02\page_3\line_11.png,#21,
synthetic_segmented\V02\page_3\line_12.png,S: 1 tablet once a week in the morning,
synthetic_segmented\V02\page_3\line_13.png,20. Simvastatin 40 mg,
synthetic_segmented\V02\page_3\line_14.png,#30,
synthetic_segmented\V02\page_3\line_15.png,S: 1 tablet once a day in evening ,
synthetic_segmented\V04\page_1\line_1.png,Tramadol 50 mg/tab,
synthetic_segmented\V04\page_1\line_2.png,One table orally every 4-6 hours.,
synthetic_segmented\V04\page_1\line_3.png,Celecoxib 200 mg/tab,
synthetic_segmented\V04\page_1\line_4.png,One tablet orally once a day.,
synthetic_segmented\V04\page_2\line_1.png,Paracetamol 500 mg/tab,
synthetic_segmented\V04\page_2\line_2.png,One tablet orally every 6 hours,
synthetic_segmented\V04\page_2\line_3.png,4,
synthetic_segmented\V04\page_2\line_4.png,Famotidine 20 mg/tab,
synthetic_segmented\V04\page_2\line_5.png,One tablet orally every 6 hours.,
synthetic_segmented\V04\page_3\line_1.png,Atorvastatin 20 mg/tab,
synthetic_segmented\V04\page_3\line_2.png,One tablet orally once a day.,
synthetic_segmented\V04\page_3\line_3.png,Metformin 500 mg/tab,
synthetic_segmented\V04\page_3\line_4.png,One tablet 2x/day.,
synthetic_segmented\V04\page_4\line_1.png,Losartan 50 mg/tab,
synthetic_segmented\V04\page_4\line_2.png,One tablet orally once a day.,
synthetic_segmented\V04\page_4\line_3.png,Amlodipine 5 mg/tab,
synthetic_segmented\V04\page_4\line_4.png,One tablet orally once a day.,
synthetic_segmented\V04\page_5\line_1.png,Losartan 100 mg/tab,
synthetic_segmented\V04\page_5\line_2.png,One tablet orally once a day.,
synthetic_segmented\V04\page_5\line_3.png,Amlodipine 10 mg/tab,
synthetic_segmented\V04\page_5\line_4.png,One tablet orally once a day.,
synthetic_segmented\V04\page_6\line_1.png,Finasteride 5 mg/tab,
synthetic_segmented\V04\page_6\line_2.png,One tablet orally once daily.,
synthetic_segmented\V04\page_6\line_3.png,(same time each day),
synthetic_segmented\V04\page_6\line_4.png,Methimazole 40 mg/tab,
synthetic_segmented\V04\page_6\line_5.png,One tablet orally once a day.,
synthetic_segmented\V04\page_7\line_1.png,Enalapril 5 mg/tab,
synthetic_segmented\V04\page_7\line_2.png,One tablet once a day.,
synthetic_segmented\V04\page_7\line_3.png,Sucralfate 1 gram/tab,
synthetic_segmented\V04\page_7\line_4.png,One tablet 4x/day for 4-8 wks.,
synthetic_segmented\V04\page_8\line_1.png,Methimazole 30 mg/tab,
synthetic_segmented\V04\page_8\line_2.png,One tablet orally per day.,
synthetic_segmented\V04\page_8\line_3.png,Oxybutynin 5 mg/tab,
synthetic_segmented\V04\page_8\line_4.png,One tablet once a day.,
synthetic_segmented\V04\page_9\line_1.png,17. Oxybutynin 10 mg/tab,
synthetic_segmented\V04\page_9\line_2.png,One tablet once a day.,
synthetic_segmented\V04\page_9\line_3.png,18. Codeine 30 mg/tab,
synthetic_segmented\V04\page_9\line_4.png,One tablet orally every 4-6 hrs.,
synthetic_segmented\V04\page_10\line_1.png,19. Enalapril 5 mg/tab,
synthetic_segmented\V04\page_10\line_2.png,One tablet 2x/day.,
synthetic_segmented\V04\page_10\line_3.png,Memantine 5 mg/tab,
synthetic_segmented\V04\page_10\line_4.png,One tablet once a day for 7 days.,
synthetic_segmented\V04\page_10\line_5.png,then 2x/day for 10 days.,
synthetic_segmented\V04\page_11\line_1.png,ISOSORBIDE MONONITRATE 30mg/tab,
synthetic_segmented\V04\page_11\line_2.png,One tablet once a day (in the morning).,
synthetic_segmented\V04\page_11\line_3.png,CALCIUM CARBONATE 500mg/tab,
synthetic_segmented\V04\page_11\line_4.png,One tablet every 4 hours.,
synthetic_segmented\V04\page_12\line_1.png,GLICLAZIDE 60mg/tab,
synthetic_segmented\V04\page_12\line_2.png,One tablet once a day,
synthetic_segmented\V04\page_12\line_3.png,(after breakfast).,
synthetic_segmented\V04\page_12\line_4.png,TIOTROPIUM 18mcg/dose,
synthetic_segmented\V04\page_12\line_6.png,One puff via inhaler once daily.,
synthetic_segmented\V04\page_13\line_1.png,INSULIN GLARGINE 100iu/mL prefilled,
synthetic_segmented\V04\page_13\line_2.png,syringe,
synthetic_segmented\V04\page_13\line_3.png,One mL subcutaneously once daily.,
synthetic_segmented\V04\page_13\line_4.png,BISOPROLOL FUMARATE 5mg/tab,
synthetic_segmented\V04\page_13\line_5.png,One tablet orally once a day.,
synthetic_segmented\V04\page_14\line_1.png,METFORMIN 850mg/tab,
synthetic_segmented\V04\page_14\line_2.png,One tablet once a day.,
synthetic_segmented\V04\page_14\line_3.png,SERTRALINE 50mg/tab,
synthetic_segmented\V04\page_14\line_4.png,One tablet once a day (evening).,
synthetic_segmented\V04\page_15\line_1.png,ATORVASTATIN 40mg/tab,
synthetic_segmented\V04\page_15\line_2.png,One tablet once a day.,
synthetic_segmented\V04\page_15\line_3.png,TAMSULOSIN 200mg/tab,
synthetic_segmented\V04\page_15\line_4.png,One tablet once a day (after meal).,
synthetic_segmented\V04\page_16\line_1.png,PREDNISONE 10mg/5mL suspension,
synthetic_segmented\V04\page_16\line_2.png,5mL once a day.,
synthetic_segmented\V04\page_16\line_3.png,CELECOXIB 100mg/tab,
synthetic_segmented\V04\page_16\line_4.png,One tablet 2x/day.,
synthetic_segmented\V04\page_17\line_1.png,ALLOPURINOL 100mg/tab,
synthetic_segmented\V04\page_17\line_2.png,One tablet once a day.,
synthetic_segmented\V04\page_17\line_3.png,LEVOTHYROXINE 50mcg/tab,
synthetic_segmented\V04\page_17\line_4.png,One tablet once a day (on empty stomach).,
synthetic_segmented\V04\page_18\line_1.png,ALLOPURINOL 300mg/tab,
synthetic_segmented\V04\page_18\line_2.png,½ tablet 2x/day (AM - PM).,
synthetic_segmented\V04\page_18\line_3.png,NAPROXEN 500mg/tab,
synthetic_segmented\V04\page_18\line_4.png,One tablet once a day.,
synthetic_segmented\V04\page_19\line_1.png,SPIRONOLACTONE 100mg/tab,
synthetic_segmented\V04\page_19\line_2.png,One tablet once daily.,
synthetic_segmented\V04\page_19\line_3.png,PREDNISONE10mg /tab,
synthetic_segmented\V04\page_19\line_4.png,One tablet once a day.,
synthetic_segmented\V04\page_20\line_1.png,TAMSULOSIN 400mcg/fc tab,
synthetic_segmented\V04\page_20\line_2.png,One tablet orally once a day.,
synthetic_segmented\V04\page_20\line_3.png,ATROVASTATIN 80mg/tab,
synthetic_segmented\V04\page_20\line_4.png,One tablet once a day.,
synthetic_segmented\V05\page_1\line_0.png,1. Ibuprofen 40mg,
synthetic_segmented\V05\page_1\line_1.png,"S: 4mg every 4-6 hrs,",
synthetic_segmented\V05\page_1\line_2.png,as needed,
synthetic_segmented\V05\page_1\line_3.png,2 Celecoxib 200mg,
synthetic_segmented\V05\page_1\line_4.png,"S: one tablet 2x, as",
synthetic_segmented\V05\page_1\line_5.png,needed,
synthetic_segmented\V05\page_1\line_6.png,3. Tramadol 50 mg,
synthetic_segmented\V05\page_1\line_7.png,S: one tablet 3x day,
synthetic_segmented\V05\page_1\line_8.png,4. Alendronate 10 mg,
synthetic_segmented\V05\page_1\line_9.png,S: one tablet once,
synthetic_segmented\V05\page_1\line_10.png,weekly first thing in the,
synthetic_segmented\V05\page_1\line_11.png,morning,
synthetic_segmented\V05\page_1\line_12.png,5. Omeprazole 40mg,
synthetic_segmented\V05\page_1\line_13.png,S: one tablet once a day,
synthetic_segmented\V05\page_1\line_14.png,before breakfast,
synthetic_segmented\V05\page_1\line_15.png,6. Amlodipine 5 mg,
synthetic_segmented\V05\page_1\line_16.png,S: one tablet 1 x day,
synthetic_segmented\V05\page_1\line_17.png,S: one tablet 1 x day,
synthetic_segmented\V05\page_1\line_18.png,7. Cholecalciferol (Vitamin D3),
synthetic_segmented\V05\page_1\line_19.png,1 tab / day,
synthetic_segmented\V05\page_1\line_20.png,S: use drop orally once,
synthetic_segmented\V05\page_1\line_21.png,a day,
synthetic_segmented\V05\page_1\line_22.png,8. Aspirin 80 mg,
synthetic_segmented\V05\page_1\line_23.png,S: one tablet every 4-6 hrs,
synthetic_segmented\V05\page_1\line_24.png,as needed,
synthetic_segmented\V05\page_1\line_25.png,9. Paracetamol ?mg,
synthetic_segmented\V05\page_1\line_26.png,S: one tablet every,
synthetic_segmented\V05\page_1\line_27.png,4 hrs,
synthetic_segmented\V07\page_1\line_0.png,1. Ibuprofen 400 mg,
synthetic_segmented\V07\page_1\line_1.png,Sig: once a day x 5 days,
synthetic_segmented\V07\page_1\line_2.png,2. Celecoxib 200 mg,
synthetic_segmented\V07\page_1\line_3.png,Sig: 1 tab 2x a day x 7 days,
synthetic_segmented\V07\page_1\line_4.png,3. Tramadol 50 mg,
synthetic_segmented\V07\page_1\line_5.png,Sig: once a day as needed,
synthetic_segmented\V07\page_1\line_6.png,4. Metoclopramide 10 mg,
synthetic_segmented\V07\page_1\line_7.png,Sig (10mg) 3x a day as needed,
synthetic_segmented\V07\page_1\line_8.png,5. Omeprazole 40 mg,
synthetic_segmented\V07\page_1\line_9.png,Sig: once a day x 7 days,
synthetic_segmented\V07\page_1\line_10.png,6. Aspirin 100 mg,
synthetic_segmented\V07\page_1\line_11.png,Sig: 1 tab once a day,
synthetic_segmented\V07\page_1\line_12.png,7. Amlodipine 5 mg,
synthetic_segmented\V07\page_1\line_13.png,Sig: 1 tab once a day,
synthetic_segmented\V08\page_1\line_0.png,1) Ibuprofen #20,
synthetic_segmented\V08\page_1\line_1.png,400mg every 6 hours as needed,
synthetic_segmented\V08\page_1\line_2.png,2) Celecoxib #14,
synthetic_segmented\V08\page_1\line_3.png,200mg once d or 100g 2x d,
synthetic_segmented\V08\page_1\line_4.png,3) Tramadol #10,
synthetic_segmented\V08\page_1\line_5.png,50mg orally every 6 hours,
synthetic_segmented\V08\page_1\line_6.png,4) Metoclopramide #10,
synthetic_segmented\V08\page_1\line_7.png,10 mg up to 4 times a day 30 minutes before meals and at bedtime,
synthetic_segmented\V08\page_1\line_8.png,5) Diclofenac #5,
synthetic_segmented\V08\page_1\line_9.png,Inj.: 50 mg enteric coated tablet or MR tablet 2–3×/day with meals,
synthetic_segmented\V08\page_1\line_10.png,6) Colchicine #30,
synthetic_segmented\V08\page_1\line_11.png,1 tablet (500 micrograms) taken 2-4x d,
synthetic_segmented\V08\page_1\line_12.png,7) Naproxen #14,
synthetic_segmented\V08\page_1\line_13.png,500mg every 6 hours,
synthetic_segmented\V08\page_1\line_14.png,8) Prednisone #3,
synthetic_segmented\V08\page_1\line_15.png,Oral: 10mg/ml - 3x a d,
synthetic_segmented\V08\page_2\line_0.png,9) Omeprazole #30 14,
synthetic_segmented\V08\page_2\line_1.png,S: 40mL/mg take 1 capsule once d ,
synthetic_segmented\V08\page_2\line_2.png,10.) Cholecalciferol (Vit D3) #7,
synthetic_segmented\V08\page_2\line_3.png,One drop containing 25.000 iu once a month,
synthetic_segmented\V08\page_2\line_4.png,11) Metoprolol #100,
synthetic_segmented\V08\page_2\line_5.png,50mg/100mg once a day,
synthetic_segmented\V08\page_2\line_6.png,12) Atenolol,
synthetic_segmented\V08\page_2\line_7.png,#30,
synthetic_segmented\V08\page_2\line_8.png,50-100mg once a day, 
synthetic_segmented\V08\page_2\line_9.png,13) Paracetamol #20,
synthetic_segmented\V08\page_2\line_10.png,Oral: 500mg tablet evy 4 hours,
synthetic_segmented\V08\page_2\line_11.png,14) Clopidogrel #100,
synthetic_segmented\V08\page_2\line_12.png,Oral: 75mg 1 tablet once a d,
synthetic_segmented\V09\page_1\line_0.png,1. Atenolol 50mg #30,
synthetic_segmented\V09\page_1\line_1.png,Sig: 1 tablet once a day,
synthetic_segmented\V09\page_1\line_2.png,2. Omeprazole 40mg #20,
synthetic_segmented\V09\page_1\line_3.png,Sig: 1 capsule 30-60mins before breakfast,
synthetic_segmented\V09\page_1\line_4.png,3) Naproxen tab 500mg #5,
synthetic_segmented\V09\page_1\line_5.png,Sig: 1 tablet daily,
synthetic_segmented\V09\page_1\line_6.png,4. Metoclopramide 10mg #10,
synthetic_segmented\V09\page_1\line_7.png,Sig: 1 tab 4x a dy 30 mins before meals and,
synthetic_segmented\V09\page_1\line_8.png,at bedtime,
synthetic_segmented\V09\page_1\line_9.png,5) Clonidine 0.17mg #5,
synthetic_segmented\V09\page_1\line_10.png,S: 1 tab at bedtime,
synthetic_segmented\V09\page_1\line_11.png,6) Celecoxib 200mg #20,
synthetic_segmented\V09\page_1\line_12.png,S: 1 cap once a day,
synthetic_segmented\V09\page_1\line_13.png,7) Ibuprofen tab #10,
synthetic_segmented\V09\page_1\line_14.png,S: 1 tab every 4 hours as needed,
synthetic_segmented\V09\page_2\line_0.png,8. Clopidogrel 75mg #30,
synthetic_segmented\V09\page_2\line_1.png,S: 1tab once a day,
synthetic_segmented\V09\page_2\line_2.png,9. Paracetamol tab 500mg #30,
synthetic_segmented\V09\page_2\line_3.png,Sig: 1 tab every 4 hours for fever,
synthetic_segmented\V09\page_2\line_4.png,10. Amlodipine 5mg #30,
synthetic_segmented\V09\page_2\line_5.png,S: 1 tab once a day,
synthetic_segmented\V09\page_2\line_6.png,11. Aspirin tab 80mg #30,
synthetic_segmented\V09\page_2\line_7.png,S: 1 tab every 4 -6 hours as needed,
synthetic_segmented\V09\page_2\line_8.png,12. Risedronate 35mg  #30,
synthetic_segmented\V09\page_2\line_9.png,S: take 1 tablet  once per week ,
synthetic_segmented\V09\page_2\line_10.png,13. Colchicine 500mg #10,
synthetic_segmented\V09\page_2\line_11.png,S: 1 tab every 4 hours for 8 days,
synthetic_segmented\V09\page_2\line_12.png,14. Losartan 150mg #50,
synthetic_segmented\V09\page_2\line_13.png,S: 1 tab once a day,
synthetic_segmented\V09\page_2\line_14.png,15. Prednisone tab 10mg #15,
synthetic_segmented\V09\page_2\line_15.png,1 tab 3x a day,
synthetic_segmented\V09\page_3\line_0.png,16. Metoprolol tab 25mg #30,
synthetic_segmented\V09\page_3\line_2.png,S: 1 tab daily,
synthetic_segmented\V09\page_3\line_3.png,17. Cholecalciferol (Vit D3) #30,
synthetic_segmented\V09\page_3\line_4.png,S: 1 drop once a day,
synthetic_segmented\V09\page_3\line_5.png,18. Diclofenac 500 mg # 10,
synthetic_segmented\V09\page_3\line_6.png,Sig: 1 tab 3x a day p.c,
synthetic_segmented\V09\page_3\line_7.png,19. Alendronate tab 10 mg #20,
synthetic_segmented\V09\page_3\line_8.png,Sig: 1 tab once a week in the morning,
synthetic_segmented\V09\page_3\line_9.png,20. Simvastatin 40 mg ,
synthetic_segmented\V09\page_3\line_10.png,Sig: 1 tab once a day in the morning,
